model,seed,oracle,status,escape_rate,rr_rq1,rr_rq2,mutated_none_rate,rr_original,original_none_rate,mean_reward,folder
lstm,42,False,done,0.9877913429522752,0.0898876404494382,0.9853932584269663,0.48536198512376316,0.0,0.06202413926593169,6.017758046614873,/home/kali/Desktop/ATBMHTTT/artifact/Adversarial_RL_XSS/runs/lstm/10/run_0/adversarial_agent/run_0
lstm,43,False,done,0.9855715871254163,0.0011261261261261701,0.9493243243243243,0.4532897264995395,0.0,0.06238658349603761,5.964483906770255,/home/kali/Desktop/ATBMHTTT/artifact/Adversarial_RL_XSS/runs/lstm/10/run_0/agent_s43/run_0
lstm,44,False,done,0.9877913429522752,0.00786516853932584,0.9752808988764045,0.473589376885181,0.0,0.06228205862497464,6.028856825749168,/home/kali/Desktop/ATBMHTTT/artifact/Adversarial_RL_XSS/runs/lstm/10/run_0/agent_s44/run_0
lstm,45,False,done,0.9900110987791343,0.0,0.010089686098654682,0.021576075964006642,0.0,0.06214241275361819,5.88457269700333,/home/kali/Desktop/ATBMHTTT/artifact/Adversarial_RL_XSS/runs/lstm/10/run_0/agent_s45/run_0
lstm,46,False,done,0.9833518312985572,0.0,0.9525959367945824,0.4539574337325433,0.0,0.06212052543338689,5.95449500554939,/home/kali/Desktop/ATBMHTTT/artifact/Adversarial_RL_XSS/runs/lstm/10/run_0/agent_s46/run_0
lstm,47,False,done,0.9800221975582686,,,,,,5.664816870144284,/home/kali/Desktop/ATBMHTTT/artifact/Adversarial_RL_XSS/runs/lstm/10/run_0/agent_s47/run_0
lstm,48,False,done,0.9800221975582686,,,,,,5.864594894561598,/home/kali/Desktop/ATBMHTTT/artifact/Adversarial_RL_XSS/runs/lstm/10/run_0/agent_s48/run_0
lstm,49,False,done,0.9855715871254163,0.09909909909909909,0.9876126126126126,0.48731973561222686,0.0,0.061939708049162163,5.950055493895672,/home/kali/Desktop/ATBMHTTT/artifact/Adversarial_RL_XSS/runs/lstm/10/run_0/agent_s49/run_0
lstm,50,False,done,0.9833518312985572,0.04627539503386002,0.9785553047404063,0.46878908469208846,0.0,0.061918288493000975,6.0899001109877915,/home/kali/Desktop/ATBMHTTT/artifact/Adversarial_RL_XSS/runs/lstm/10/run_0/agent_s50/run_0
lstm,51,False,done,0.9844617092119867,0.09582863585118373,0.9819616685456596,0.4867105798908257,0.0,0.061884272420005514,5.823529411764706,/home/kali/Desktop/ATBMHTTT/artifact/Adversarial_RL_XSS/runs/lstm/10/run_0/agent_s51/run_0
mlp,42,False,done,0.9866814650388457,0.10236220472440949,0.9853768278965129,0.45008372898381094,0.0,0.06225460190049083,6.859045504994451,/home/kali/Desktop/ATBMHTTT/artifact/Adversarial_RL_XSS/runs/mlp/10/run_0/adversarial_agent/run_0
mlp,43,False,done,0.9900110987791343,0.08744394618834084,0.9786995515695067,0.4603193508829657,0.0,0.0621929227817067,6.754716981132075,/home/kali/Desktop/ATBMHTTT/artifact/Adversarial_RL_XSS/runs/mlp/10/run_0/agent_s43/run_0
mlp,44,False,done,0.9877913429522752,0.04831460674157306,0.9764044943820225,0.44510606806845837,0.0,0.06222032260818245,6.7924528301886795,/home/kali/Desktop/ATBMHTTT/artifact/Adversarial_RL_XSS/runs/mlp/10/run_0/agent_s44/run_0
mlp,45,False,done,0.9866814650388457,0.08323959505061862,0.9820022497187851,0.4508244900201424,0.0,0.06182182632710782,6.842397336293008,/home/kali/Desktop/ATBMHTTT/artifact/Adversarial_RL_XSS/runs/mlp/10/run_0/agent_s45/run_0
mlp,46,False,done,0.9911209766925638,0.09518477043673013,0.9764837625979843,0.4479517940650806,0.0,0.0620112957685133,6.956714761376249,/home/kali/Desktop/ATBMHTTT/artifact/Adversarial_RL_XSS/runs/mlp/10/run_0/agent_s46/run_0
mlp,47,False,done,0.9866814650388457,0.047244094488189003,0.9797525309336333,0.44693593555910854,0.0,0.06197152565980402,6.758046614872364,/home/kali/Desktop/ATBMHTTT/artifact/Adversarial_RL_XSS/runs/mlp/10/run_0/agent_s47/run_0
mlp,48,False,done,0.9866814650388457,0.08773903262092242,0.984251968503937,0.4502546421040197,0.0,0.06215571316268195,6.81354051054384,/home/kali/Desktop/ATBMHTTT/artifact/Adversarial_RL_XSS/runs/mlp/10/run_0/agent_s48/run_0
mlp,49,False,done,0.9889012208657048,0.08529741863075191,0.9831649831649831,0.44901502163554774,0.0,0.06243552791835088,6.914539400665927,/home/kali/Desktop/ATBMHTTT/artifact/Adversarial_RL_XSS/runs/mlp/10/run_0/agent_s49/run_0
mlp,50,False,done,0.9889012208657048,0.08866442199775537,0.9797979797979798,0.45094788355932436,0.0,0.06199015710260968,6.8834628190899005,/home/kali/Desktop/ATBMHTTT/artifact/Adversarial_RL_XSS/runs/mlp/10/run_0/agent_s50/run_0
mlp,51,False,done,0.9866814650388457,0.046119235095613,0.9752530933633295,0.44536320945521146,0.0,0.06170934038785024,6.730299667036626,/home/kali/Desktop/ATBMHTTT/artifact/Adversarial_RL_XSS/runs/mlp/10/run_0/agent_s51/run_0
cnn,42,False,done,0.9889012208657048,0.0,0.013468013468013518,0.02419493786587022,0.0,0.062212157324609905,6.061043285238624,/home/kali/Desktop/ATBMHTTT/artifact/Adversarial_RL_XSS/runs/cnn/10/run_0/adversarial_agent/run_0
cnn,43,False,done,0.9911209766925638,0.0,0.02911534154535278,0.03234042300579209,0.0,0.062197248921991646,6.086570477247503,/home/kali/Desktop/ATBMHTTT/artifact/Adversarial_RL_XSS/runs/cnn/10/run_0/agent_s43/run_0
cnn,44,False,done,0.9800221975582686,0.0951302378255946,0.9852774631936579,0.4640926815684179,0.0,0.06255440934815733,6.259711431742509,/home/kali/Desktop/ATBMHTTT/artifact/Adversarial_RL_XSS/runs/cnn/10/run_0/agent_s44/run_0
cnn,45,False,done,0.9778024417314095,0.041997729852440435,0.9795686719636776,0.45608576496066994,0.0,0.06232616683113784,6.13984461709212,/home/kali/Desktop/ATBMHTTT/artifact/Adversarial_RL_XSS/runs/cnn/10/run_0/agent_s45/run_0
cnn,46,False,done,0.9889012208657048,0.0,0.013468013468013518,0.024120964709945264,0.0,0.062212157324609905,6.091009988901221,/home/kali/Desktop/ATBMHTTT/artifact/Adversarial_RL_XSS/runs/cnn/10/run_0/agent_s46/run_0
cnn,47,False,done,0.9833518312985572,0.08239277652370203,0.9853273137697517,0.46429906589576625,0.0,0.06207952680322348,6.368479467258601,/home/kali/Desktop/ATBMHTTT/artifact/Adversarial_RL_XSS/runs/cnn/10/run_0/agent_s47/run_0
cnn,48,False,incomplete,,,,,,,,/home/kali/Desktop/ATBMHTTT/artifact/Adversarial_RL_XSS/runs/cnn/10/run_0/agent_s48/run_0
cnn,49,False,missing,,,,,,,,/home/kali/Desktop/ATBMHTTT/artifact/Adversarial_RL_XSS/runs/cnn/10/run_0/agent_s49/run_0
cnn,50,False,missing,,,,,,,,/home/kali/Desktop/ATBMHTTT/artifact/Adversarial_RL_XSS/runs/cnn/10/run_0/agent_s50/run_0
cnn,51,False,missing,,,,,,,,/home/kali/Desktop/ATBMHTTT/artifact/Adversarial_RL_XSS/runs/cnn/10/run_0/agent_s51/run_0
lstm,42,True,done,0.9833518312985572,0.0,0.0,0.016882916956514078,0.0,0.06282370361963506,5.781354051054384,/home/kali/Desktop/ATBMHTTT/artifact/Adversarial_RL_XSS/runs/lstm/10/run_0/adversarial_agent_oracle/run_0
lstm,43,True,missing,,,,,,,,/home/kali/Desktop/ATBMHTTT/artifact/Adversarial_RL_XSS/runs/lstm/10/run_0/agent_oracle_s43/run_0
lstm,44,True,missing,,,,,,,,/home/kali/Desktop/ATBMHTTT/artifact/Adversarial_RL_XSS/runs/lstm/10/run_0/agent_oracle_s44/run_0
lstm,45,True,missing,,,,,,,,/home/kali/Desktop/ATBMHTTT/artifact/Adversarial_RL_XSS/runs/lstm/10/run_0/agent_oracle_s45/run_0
lstm,46,True,missing,,,,,,,,/home/kali/Desktop/ATBMHTTT/artifact/Adversarial_RL_XSS/runs/lstm/10/run_0/agent_oracle_s46/run_0
lstm,47,True,missing,,,,,,,,/home/kali/Desktop/ATBMHTTT/artifact/Adversarial_RL_XSS/runs/lstm/10/run_0/agent_oracle_s47/run_0
lstm,48,True,missing,,,,,,,,/home/kali/Desktop/ATBMHTTT/artifact/Adversarial_RL_XSS/runs/lstm/10/run_0/agent_oracle_s48/run_0
lstm,49,True,missing,,,,,,,,/home/kali/Desktop/ATBMHTTT/artifact/Adversarial_RL_XSS/runs/lstm/10/run_0/agent_oracle_s49/run_0
lstm,50,True,missing,,,,,,,,/home/kali/Desktop/ATBMHTTT/artifact/Adversarial_RL_XSS/runs/lstm/10/run_0/agent_oracle_s50/run_0
lstm,51,True,missing,,,,,,,,/home/kali/Desktop/ATBMHTTT/artifact/Adversarial_RL_XSS/runs/lstm/10/run_0/agent_oracle_s51/run_0
mlp,42,True,done,0.978912319644839,0.0,0.0,0.017609775134648037,0.0,0.06234196250658298,5.915649278579356,/home/kali/Desktop/ATBMHTTT/artifact/Adversarial_RL_XSS/runs/mlp/10/run_0/adversarial_agent_oracle/run_1
mlp,43,True,missing,,,,,,,,/home/kali/Desktop/ATBMHTTT/artifact/Adversarial_RL_XSS/runs/mlp/10/run_0/agent_oracle_s43/run_0
mlp,44,True,missing,,,,,,,,/home/kali/Desktop/ATBMHTTT/artifact/Adversarial_RL_XSS/runs/mlp/10/run_0/agent_oracle_s44/run_0
mlp,45,True,missing,,,,,,,,/home/kali/Desktop/ATBMHTTT/artifact/Adversarial_RL_XSS/runs/mlp/10/run_0/agent_oracle_s45/run_0
mlp,46,True,missing,,,,,,,,/home/kali/Desktop/ATBMHTTT/artifact/Adversarial_RL_XSS/runs/mlp/10/run_0/agent_oracle_s46/run_0
mlp,47,True,missing,,,,,,,,/home/kali/Desktop/ATBMHTTT/artifact/Adversarial_RL_XSS/runs/mlp/10/run_0/agent_oracle_s47/run_0
mlp,48,True,missing,,,,,,,,/home/kali/Desktop/ATBMHTTT/artifact/Adversarial_RL_XSS/runs/mlp/10/run_0/agent_oracle_s48/run_0
mlp,49,True,missing,,,,,,,,/home/kali/Desktop/ATBMHTTT/artifact/Adversarial_RL_XSS/runs/mlp/10/run_0/agent_oracle_s49/run_0
mlp,50,True,missing,,,,,,,,/home/kali/Desktop/ATBMHTTT/artifact/Adversarial_RL_XSS/runs/mlp/10/run_0/agent_oracle_s50/run_0
mlp,51,True,missing,,,,,,,,/home/kali/Desktop/ATBMHTTT/artifact/Adversarial_RL_XSS/runs/mlp/10/run_0/agent_oracle_s51/run_0
cnn,42,True,done,0.9600443951165372,0.0,0.0011560693641619046,0.02174256930942509,0.0,0.0597232002129237,5.51165371809101,/home/kali/Desktop/ATBMHTTT/artifact/Adversarial_RL_XSS/runs/cnn/10/run_0/adversarial_agent_oracle/run_1
cnn,43,True,missing,,,,,,,,/home/kali/Desktop/ATBMHTTT/artifact/Adversarial_RL_XSS/runs/cnn/10/run_0/agent_oracle_s43/run_0
cnn,44,True,missing,,,,,,,,/home/kali/Desktop/ATBMHTTT/artifact/Adversarial_RL_XSS/runs/cnn/10/run_0/agent_oracle_s44/run_0
cnn,45,True,missing,,,,,,,,/home/kali/Desktop/ATBMHTTT/artifact/Adversarial_RL_XSS/runs/cnn/10/run_0/agent_oracle_s45/run_0
cnn,46,True,missing,,,,,,,,/home/kali/Desktop/ATBMHTTT/artifact/Adversarial_RL_XSS/runs/cnn/10/run_0/agent_oracle_s46/run_0
cnn,47,True,missing,,,,,,,,/home/kali/Desktop/ATBMHTTT/artifact/Adversarial_RL_XSS/runs/cnn/10/run_0/agent_oracle_s47/run_0
cnn,48,True,missing,,,,,,,,/home/kali/Desktop/ATBMHTTT/artifact/Adversarial_RL_XSS/runs/cnn/10/run_0/agent_oracle_s48/run_0
cnn,49,True,missing,,,,,,,,/home/kali/Desktop/ATBMHTTT/artifact/Adversarial_RL_XSS/runs/cnn/10/run_0/agent_oracle_s49/run_0
cnn,50,True,missing,,,,,,,,/home/kali/Desktop/ATBMHTTT/artifact/Adversarial_RL_XSS/runs/cnn/10/run_0/agent_oracle_s50/run_0
cnn,51,True,missing,,,,,,,,/home/kali/Desktop/ATBMHTTT/artifact/Adversarial_RL_XSS/runs/cnn/10/run_0/agent_oracle_s51/run_0
